{
  "items": [
    {
      "id": 1,
      "type": "INVOICE_UPDATED",
      "createdDateUtc": "2020-03-07T10:51:00Z",
      "content": {
        "invoiceId": "8be3bf0c-a60e-4267-9888-2526eaea1ecf",
        "invoiceNumber": "INV-996",
        "status": "PAID",
        "dueDateUtc": "2020-09-23T07:51:27.000Z",
        "createdDateUtc": "2020-08-12T11:47:45.000Z",
        "updatedDateUtc": "2021-02-04T02:00:33.000Z",
        "lineItems": [
          {
            "lineItemId": "ab80609b-5703-44a0-89af-4b23d234d8bc",
            "description": "executive",
            "quantity": 8,
            "unitCost": 63.49,
            "lineItemTotalCost": 507.92
          },
          {
            "lineItemId": "f1851272-c8b9-45b2-909f-5389f21c5fb4",
            "description": "Graphic Interface",
            "quantity": 8,
            "unitCost": 91.32,
            "lineItemTotalCost": 730.56
          }
        ]
      }
    },
    {
      "id": 2,
      "type": "INVOICE_CREATED",
      "createdDateUtc": "2020-06-08T11:15:24Z",
      "content": {
        "invoiceId": "2aa707bb-9fa3-48fa-8dd7-6d15facea5ee",
        "invoiceNumber": "INV-073",
        "status": "DRAFT",
        "dueDateUtc": "2020-06-27T06:04:07Z",
        "createdDateUtc": "2020-05-18T23:29:24Z",
        "updatedDateUtc": "2020-12-03T07:49:45Z",
        "lineItems": [
          {
            "lineItemId": "2045eaf7-1cfe-4b0f-a64b-7734f38abdd2",
            "description": "neutral",
            "quantity": 6,
            "unitCost": 41.7,
            "lineItemTotalCost": 250.2
          }
        ]
      }
    },
    {
      "id": 3,
      "type": "INVOICE_UPDATED",
      "createdDateUtc": "2020-11-13T04:14:00Z",
      "content": {
        "invoiceId": "2aa707bb-9fa3-48fa-8dd7-6d15facea5ee",
        "invoiceNumber": "INV-969",
        "status": "PAID",
        "dueDateUtc": "2020-06-20T21:50:51Z",
        "createdDateUtc": "2020-11-16T15:57:28Z",
        "updatedDateUtc": "2020-06-15T04:27:44Z",
        "lineItems": [
          {
            "lineItemId": "989b07f1-f932-4c57-a3f9-b1a1d477b8de",
            "description": "Devolved",
            "quantity": 8,
            "unitCost": 22.81,
            "lineItemTotalCost": 182.48
          }
        ]
      }
    },
    {
      "id": 4,
      "type": "INVOICE_DELETED",
      "createdDateUtc": "2020-12-30T14:16:18Z",
      "content": { "invoiceId": "8be3bf0c-a60e-4267-9888-2526eaea1ecf" }
    },
    {
      "id": 5,
      "type": "INVOICE_CREATED",
      "createdDateUtc": "2020-07-10T07:47:01Z",
      "content": {
        "invoiceId": "f776fb81-0ee9-4d20-92c2-dd01310744ea",
        "invoiceNumber": "INV-546",
        "status": "PAID",
        "dueDateUtc": "2020-04-11T07:39:33Z",
        "createdDateUtc": "2020-06-25T03:01:55Z",
        "updatedDateUtc": "2020-05-27T14:46:22Z",
        "lineItems": [
          {
            "lineItemId": "9ace8647-c5c8-41e1-8ec0-cfdcfb293c35",
            "description": "multimedia",
            "quantity": 5,
            "unitCost": 5.02,
            "lineItemTotalCost": 25.1
          },
          {
            "lineItemId": "6fb49510-8e94-4069-b2fd-a5e8c648afc7",
            "description": "5th generation",
            "quantity": 4,
            "unitCost": 32.81,
            "lineItemTotalCost": 131.24
          }
        ]
      }
    }
  ]
}