{
  "items": [
    {
      "id": 1,
      "type": "INVOICE_UPDATED",
      "createdDateUtc": "2020-03-07T10:51:00Z",
      "content": {
        "invoiceId": "8be3bf0c-a60e-4267-9888-2526eaea1ecf",
        "invoiceNumber": "INV-996",
        "status": "PAID",
        "dueDateUtc": "2020-09-23T07:51:27.000Z",
        "createdDateUtc": "2020-08-12T11:47:45.000Z",
        "updatedDateUtc": "2021-02-04T02:00:33.000Z",
        "lineItems": [
          {
            "lineItemId": "ab80609b-5703-44a0-89af-4b23d234d8bc",
            "description": "executive",
            "quantity": 8,
            "unitCost": 63.49,
            "lineItemTotalCost": 507.92
          },
          {
            "lineItemId": "f1851272-c8b9-45b2-909f-5389f21c5fb4",
            "description": "Graphic Interface",
            "quantity": 8,
            "unitCost": 91.32,
            "lineItemTotalCost": 730.56
          }
        ]
      }
    },
    {
      "id": 2,
      "type": "INVOICE_CREATED",
      "createdDateUtc": "2020-06-08T11:15:24Z",
      "content": {
        "invoiceId": "2aa707bb-9fa3-48fa-8dd7-6d15facea5ee",
        "invoiceNumber": "INV-073",
        "status": "DRAFT",
        "dueDateUtc": "2020-06-27T06:04:07Z",
        "createdDateUtc": "2020-05-18T23:29:24Z",
        "updatedDateUtc": "2020-12-03T07:49:45Z",
        "lineItems": [
          {
            "lineItemId": "2045eaf7-1cfe-4b0f-a64b-7734f38abdd2",
            "description": "neutral",
            "quantity": 6,
            "unitCost": 41.7,
            "lineItemTotalCost": 250.2
          }
        ]
      }
    },
    {
      "id": 3,
      "type": "INVOICE_UPDATED",
      "createdDateUtc": "2020-11-13T04:14:00Z",
      "content": {
        "invoiceId": "2aa707bb-9fa3-48fa-8dd7-6d15facea5ee",
        "invoiceNumber": "INV-969",
        "status": "PAID",
        "dueDateUtc": "2020-06-20T21:50:51Z",
        "createdDateUtc": "2020-11-16T15:57:28Z",
        "updatedDateUtc": "2020-06-15T04:27:44Z",
        "lineItems": [
          {
            "lineItemId": "989b07f1-f932-4c57-a3f9-b1a1d477b8de",
            "description": "Devolved",
            "quantity": 8,
            "unitCost": 22.81,
            "lineItemTotalCost": 182.48
          }
        ]
      }
    },
    {
      "id": 4,
      "type": "INVOICE_DELETED",
      "createdDateUtc": "2020-12-30T14:16:18Z",
      "content": { "invoiceId": "8be3bf0c-a60e-4267-9888-2526eaea1ecf" }
    },
    {
      "id": 5,
      "type": "INVOICE_CREATED",
      "createdDateUtc": "2020-07-10T07:47:01Z",
      "content": {
        "invoiceId": "f776fb81-0ee9-4d20-92c2-dd01310744ea",
        "invoiceNumber": "INV-546",
        "status": "PAID",
        "dueDateUtc": "2020-04-11T07:39:33Z",
        "createdDateUtc": "2020-06-25T03:01:55Z",
        "updatedDateUtc": "2020-05-27T14:46:22Z",
        "lineItems": [
          {
            "lineItemId": "9ace8647-c5c8-41e1-8ec0-cfdcfb293c35",
            "description": "multimedia",
            "quantity": 5,
            "unitCost": 5.02,
            "lineItemTotalCost": 25.1
          },
          {
            "lineItemId": "6fb49510-8e94-4069-b2fd-a5e8c648afc7",
            "description": "5th generation",
            "quantity": 4,
            "unitCost": 32.81,
            "lineItemTotalCost": 131.24
          }
        ]
      }
    },
    {
      "id": 6,
      "type": "INVOICE_CREATED",
      "createdDateUtc": "2020-05-28T23:49:43Z",
      "content": {
        "invoiceId": "9c714280-9940-42d1-90bc-401f2f8fffcd",
        "invoiceNumber": "INV-544",
        "status": "PAID",
        "dueDateUtc": "2020-07-27T15:52:33Z",
        "createdDateUtc": "2021-01-05T16:08:18Z",
        "updatedDateUtc": "2021-01-17T16:22:18Z",
        "lineItems": [
          {
            "lineItemId": "5ca52ae7-e498-4ebc-9427-fcdd14bdf367",
            "description": "Business-focused",
            "quantity": 10,
            "unitCost": 48.02,
            "lineItemTotalCost": 480.2
          },
          {
            "lineItemId": "7ba5add1-29ed-456a-a3b3-0ec056ea8b98",
            "description": "fresh-thinking",
            "quantity": 10,
            "unitCost": 69.61,
            "lineItemTotalCost": 696.1
          }
        ]
      }
    },
    {
      "id": 7,
      "type": "INVOICE_DELETED",
      "createdDateUtc": "2020-10-08T15:06:58Z",
      "content": { "invoiceId": "06629fa1-153b-4307-b039-985d8e2c67a1" }
    },
    {
      "id": 8,
      "type": "INVOICE_CREATED",
      "createdDateUtc": "2020-12-04T19:35:51Z",
      "content": {
        "invoiceId": "9c714280-9940-42d1-90bc-401f2f8fffcd",
        "invoiceNumber": "INV-166",
        "status": "DELETED",
        "dueDateUtc": "2020-04-13T19:04:25Z",
        "createdDateUtc": "2020-08-28T05:56:25Z",
        "updatedDateUtc": "2020-11-25T10:11:35Z",
        "lineItems": [
          {
            "lineItemId": "c5209cf7-e2d6-4ae2-bde6-29779eb1aee9",
            "description": "Versatile",
            "quantity": 10,
            "unitCost": 23.08,
            "lineItemTotalCost": 230.8
          }
        ]
      }
    },
    {
      "id": 9,
      "type": "INVOICE_UPDATED",
      "createdDateUtc": "2020-07-19T15:08:19Z",
      "content": {
        "invoiceId": "65d143a0-7811-40c3-8bed-112666ce2b0a",
        "invoiceNumber": "INV-404",
        "status": "DRAFT",
        "dueDateUtc": "2021-02-11T02:09:25Z",
        "createdDateUtc": "2020-05-28T15:23:17Z",
        "updatedDateUtc": "2021-02-08T08:19:14Z",
        "lineItems": [
          {
            "lineItemId": "9bba9213-371b-4376-84a1-06a86e39c0f0",
            "description": "Stand-alone",
            "quantity": 1,
            "unitCost": 77.16,
            "lineItemTotalCost": 77.16
          }
        ]
      }
    },
    {
      "id": 10,
      "type": "INVOICE_DELETED",
      "createdDateUtc": "2020-11-14T08:05:43Z",
      "content": { "invoiceId": "2aa707bb-9fa3-48fa-8dd7-6d15facea5ee" }
    },
    {
      "id": 11,
      "type": "INVOICE_UPDATED",
      "createdDateUtc": "2020-03-04T22:06:21Z",
      "content": {
        "invoiceId": "8be3bf0c-a60e-4267-9888-2526eaea1ecf",
        "invoiceNumber": "INV-519",
        "status": "PAID",
        "dueDateUtc": "2020-12-05T08:21:55Z",
        "createdDateUtc": "2021-02-02T00:30:26Z",
        "updatedDateUtc": "2020-08-25T02:57:48Z",
        "lineItems": [
          {
            "lineItemId": "695b64a8-5e07-441e-9835-b81db2f45dfe",
            "description": "application",
            "quantity": 1,
            "unitCost": 2.34,
            "lineItemTotalCost": 2.34
          },
          {
            "lineItemId": "8e2f08b6-6370-4de0-8cc5-0b43d69e4654",
            "description": "success",
            "quantity": 1,
            "unitCost": 48.5,
            "lineItemTotalCost": 48.5
          }
        ]
      }
    },
    {
      "id": 12,
      "type": "INVOICE_CREATED",
      "createdDateUtc": "2020-12-05T20:28:31Z",
      "content": {
        "invoiceId": "2aa707bb-9fa3-48fa-8dd7-6d15facea5ee",
        "invoiceNumber": "INV-527",
        "status": "SENT",
        "dueDateUtc": "2020-03-07T02:36:33Z",
        "createdDateUtc": "2020-10-02T15:59:57Z",
        "updatedDateUtc": "2020-04-23T14:39:17Z",
        "lineItems": [
          {
            "lineItemId": "059bd279-72d5-4b0e-b3d5-2d1ea7be8619",
            "description": "Seamless",
            "quantity": 8,
            "unitCost": 69,
            "lineItemTotalCost": 552
          }
        ]
      }
    },
    {
      "id": 13,
      "type": "INVOICE_UPDATED",
      "createdDateUtc": "2020-11-10T21:50:14Z",
      "content": {
        "invoiceId": "06629fa1-153b-4307-b039-985d8e2c67a1",
        "invoiceNumber": "INV-796",
        "status": "PAID",
        "dueDateUtc": "2021-01-15T17:43:07Z",
        "createdDateUtc": "2020-08-20T19:55:30Z",
        "updatedDateUtc": "2020-02-27T03:47:40Z",
        "lineItems": [
          {
            "lineItemId": "81dd8858-576e-4705-a6db-1673f6a39b39",
            "description": "policy",
            "quantity": 5,
            "unitCost": 74.31,
            "lineItemTotalCost": 371.55
          }
        ]
      }
    },
    {
      "id": 14,
      "type": "INVOICE_CREATED",
      "createdDateUtc": "2020-09-26T06:57:55Z",
      "content": {
        "invoiceId": "65d143a0-7811-40c3-8bed-112666ce2b0a",
        "invoiceNumber": "INV-954",
        "status": "PAID",
        "dueDateUtc": "2020-04-13T03:49:31Z",
        "createdDateUtc": "2020-03-17T22:43:41Z",
        "updatedDateUtc": "2021-02-16T00:36:01Z",
        "lineItems": [
          {
            "lineItemId": "e672be7d-6f77-43e3-afe0-38ecd2ba4207",
            "description": "didactic",
            "quantity": 5,
            "unitCost": 24.24,
            "lineItemTotalCost": 121.2
          },
          {
            "lineItemId": "ee99e84a-8f55-4435-b4f8-471545c64d48",
            "description": "database",
            "quantity": 2,
            "unitCost": 65.79,
            "lineItemTotalCost": 131.58
          }
        ]
      }
    },
    {
      "id": 15,
      "type": "INVOICE_UPDATED",
      "createdDateUtc": "2020-03-09T21:03:41Z",
      "content": {
        "invoiceId": "f776fb81-0ee9-4d20-92c2-dd01310744ea",
        "invoiceNumber": "INV-595",
        "status": "PAID",
        "dueDateUtc": "2020-08-08T21:10:19Z",
        "createdDateUtc": "2020-12-07T02:00:15Z",
        "updatedDateUtc": "2020-03-25T18:55:06Z",
        "lineItems": [
          {
            "lineItemId": "02f5f91f-264f-4b2e-a943-4a8b2e6cb7b9",
            "description": "benchmark",
            "quantity": 6,
            "unitCost": 3.93,
            "lineItemTotalCost": 23.58
          },
          {
            "lineItemId": "ae718ec3-e1c7-4ec9-a416-668d68b38706",
            "description": "Team-oriented",
            "quantity": 4,
            "unitCost": 32.41,
            "lineItemTotalCost": 129.64
          }
        ]
      }
    },
    {
      "id": 16,
      "type": "INVOICE_UPDATED",
      "createdDateUtc": "2020-04-13T05:06:15Z",
      "content": {
        "invoiceId": "f776fb81-0ee9-4d20-92c2-dd01310744ea",
        "invoiceNumber": "INV-850",
        "status": "DRAFT",
        "dueDateUtc": "2020-04-13T00:19:14Z",
        "createdDateUtc": "2020-12-21T09:18:25Z",
        "updatedDateUtc": "2020-12-03T05:54:28Z",
        "lineItems": [
          {
            "lineItemId": "fd8fe634-c77f-44c5-b530-feb8101c602b",
            "description": "Operative",
            "quantity": 9,
            "unitCost": 99.01,
            "lineItemTotalCost": 891.09
          },
          {
            "lineItemId": "1a03f6a3-3626-4528-b39e-0c49c6251d55",
            "description": "disintermediate",
            "quantity": 5,
            "unitCost": 96.12,
            "lineItemTotalCost": 480.6
          }
        ]
      }
    },
    {
      "id": 17,
      "type": "INVOICE_DELETED",
      "createdDateUtc": "2020-05-07T02:57:22Z",
      "content": { "invoiceId": "f776fb81-0ee9-4d20-92c2-dd01310744ea" }
    },
    {
      "id": 18,
      "type": "INVOICE_DELETED",
      "createdDateUtc": "2020-12-15T21:57:39Z",
      "content": { "invoiceId": "2aa707bb-9fa3-48fa-8dd7-6d15facea5ee" }
    },
    {
      "id": 19,
      "type": "INVOICE_DELETED",
      "createdDateUtc": "2020-12-24T13:17:47Z",
      "content": { "invoiceId": "f776fb81-0ee9-4d20-92c2-dd01310744ea" }
    },
    {
      "id": 20,
      "type": "INVOICE_CREATED",
      "createdDateUtc": "2020-05-03T23:38:42Z",
      "content": {
        "invoiceId": "2aa707bb-9fa3-48fa-8dd7-6d15facea5ee",
        "invoiceNumber": "INV-613",
        "status": "DRAFT",
        "dueDateUtc": "2021-01-02T13:38:50Z",
        "createdDateUtc": "2020-11-19T23:52:41Z",
        "updatedDateUtc": "2020-10-09T16:24:41Z",
        "lineItems": [
          {
            "lineItemId": "5db54be2-6bba-4a4f-b5c7-1742d7997e47",
            "description": "Polarised",
            "quantity": 8,
            "unitCost": 67.45,
            "lineItemTotalCost": 539.6
          },
          {
            "lineItemId": "524257f7-72b9-49d6-b205-6a47254805a1",
            "description": "knowledge user",
            "quantity": 5,
            "unitCost": 33.19,
            "lineItemTotalCost": 165.95
          }
        ]
      }
    },
    {
      "id": 21,
      "type": "INVOICE_UPDATED",
      "createdDateUtc": "2020-04-09T15:32:48Z",
      "content": {
        "invoiceId": "53958e4c-8068-4692-ae3b-98552b3ef583",
        "invoiceNumber": "INV-920",
        "status": "DRAFT",
        "dueDateUtc": "2020-12-26T02:44:01Z",
        "createdDateUtc": "2020-10-18T16:48:11Z",
        "updatedDateUtc": "2020-08-04T04:53:19Z",
        "lineItems": [
          {
            "lineItemId": "9ca639f4-fe5f-474a-b3ef-6e0d76e7db77",
            "description": "definition",
            "quantity": 2,
            "unitCost": 55.94,
            "lineItemTotalCost": 111.88
          },
          {
            "lineItemId": "98149cd0-3bd5-475f-af59-04aca626bc53",
            "description": "methodical",
            "quantity": 6,
            "unitCost": 45.36,
            "lineItemTotalCost": 272.16
          }
        ]
      }
    },
    {
      "id": 22,
      "type": "INVOICE_UPDATED",
      "createdDateUtc": "2020-08-01T04:44:34Z",
      "content": {
        "invoiceId": "53958e4c-8068-4692-ae3b-98552b3ef583",
        "invoiceNumber": "INV-816",
        "status": "DELETED",
        "dueDateUtc": "2021-02-09T21:51:19Z",
        "createdDateUtc": "2020-12-15T05:50:24Z",
        "updatedDateUtc": "2020-11-14T01:41:23Z",
        "lineItems": [
          {
            "lineItemId": "3f2f3411-90b6-4a1b-b220-f30efe872004",
            "description": "dedicated",
            "quantity": 4,
            "unitCost": 24.4,
            "lineItemTotalCost": 97.6
          }
        ]
      }
    },
    {
      "id": 23,
      "type": "INVOICE_UPDATED",
      "createdDateUtc": "2020-09-11T21:14:28Z",
      "content": {
        "invoiceId": "8be3bf0c-a60e-4267-9888-2526eaea1ecf",
        "invoiceNumber": "INV-585",
        "status": "PAID",
        "dueDateUtc": "2020-10-16T21:41:01Z",
        "createdDateUtc": "2021-01-03T01:38:04Z",
        "updatedDateUtc": "2020-05-11T04:22:42Z",
        "lineItems": [
          {
            "lineItemId": "2e38c626-d2ed-48a2-9d01-60a22af4add2",
            "description": "synergy",
            "quantity": 5,
            "unitCost": 34.6,
            "lineItemTotalCost": 173
          }
        ]
      }
    },
    {
      "id": 24,
      "type": "INVOICE_CREATED",
      "createdDateUtc": "2020-08-23T00:58:04Z",
      "content": {
        "invoiceId": "f776fb81-0ee9-4d20-92c2-dd01310744ea",
        "invoiceNumber": "INV-841",
        "status": "SENT",
        "dueDateUtc": "2020-05-20T11:19:31Z",
        "createdDateUtc": "2020-04-11T08:18:00Z",
        "updatedDateUtc": "2020-05-02T19:05:36Z",
        "lineItems": [
          {
            "lineItemId": "81a929f5-f022-42e4-a2b0-6275c9391e54",
            "description": "full-range",
            "quantity": 7,
            "unitCost": 56.42,
            "lineItemTotalCost": 394.94
          },
          {
            "lineItemId": "3d572802-f36b-4cc1-9e0b-821b042299ea",
            "description": "paradigm",
            "quantity": 5,
            "unitCost": 57.83,
            "lineItemTotalCost": 289.15
          }
        ]
      }
    },
    {
      "id": 25,
      "type": "INVOICE_UPDATED",
      "createdDateUtc": "2020-02-29T20:01:08Z",
      "content": {
        "invoiceId": "f776fb81-0ee9-4d20-92c2-dd01310744ea",
        "invoiceNumber": "INV-246",
        "status": "SENT",
        "dueDateUtc": "2020-12-31T17:33:07Z",
        "createdDateUtc": "2020-12-30T08:04:42Z",
        "updatedDateUtc": "2020-12-11T17:16:43Z",
        "lineItems": [
          {
            "lineItemId": "984a6d8d-5f61-429b-afd4-88e04588ba44",
            "description": "Advanced",
            "quantity": 10,
            "unitCost": 34.3,
            "lineItemTotalCost": 343
          },
          {
            "lineItemId": "18707d2e-90da-4143-8c20-bbb4e404522a",
            "description": "instruction set",
            "quantity": 3,
            "unitCost": 58.64,
            "lineItemTotalCost": 175.92
          }
        ]
      }
    },
    {
      "id": 26,
      "type": "INVOICE_DELETED",
      "createdDateUtc": "2021-02-04T19:18:26Z",
      "content": { "invoiceId": "8be3bf0c-a60e-4267-9888-2526eaea1ecf" }
    },
    {
      "id": 27,
      "type": "INVOICE_DELETED",
      "createdDateUtc": "2020-09-07T07:28:38Z",
      "content": { "invoiceId": "53958e4c-8068-4692-ae3b-98552b3ef583" }
    },
    {
      "id": 28,
      "type": "INVOICE_UPDATED",
      "createdDateUtc": "2021-02-10T11:11:08Z",
      "content": {
        "invoiceId": "f776fb81-0ee9-4d20-92c2-dd01310744ea",
        "invoiceNumber": "INV-783",
        "status": "DELETED",
        "dueDateUtc": "2020-05-17T00:51:18Z",
        "createdDateUtc": "2020-12-24T09:20:58Z",
        "updatedDateUtc": "2020-12-05T20:21:23Z",
        "lineItems": [
          {
            "lineItemId": "59737369-2160-4811-b0b2-17b14faa5924",
            "description": "coherent",
            "quantity": 5,
            "unitCost": 50.4,
            "lineItemTotalCost": 252
          }
        ]
      }
    },
    {
      "id": 29,
      "type": "INVOICE_CREATED",
      "createdDateUtc": "2021-01-29T10:04:06Z",
      "content": {
        "invoiceId": "8be3bf0c-a60e-4267-9888-2526eaea1ecf",
        "invoiceNumber": "INV-081",
        "status": "PAID",
        "dueDateUtc": "2020-12-12T10:16:46Z",
        "createdDateUtc": "2020-06-29T03:23:54Z",
        "updatedDateUtc": "2020-08-25T10:46:20Z",
        "lineItems": [
          {
            "lineItemId": "a6e69767-5415-4e28-828f-e62e25b0b5d5",
            "description": "help-desk",
            "quantity": 6,
            "unitCost": 43.02,
            "lineItemTotalCost": 258.12
          }
        ]
      }
    },
    {
      "id": 30,
      "type": "INVOICE_CREATED",
      "createdDateUtc": "2021-01-19T12:18:23Z",
      "content": {
        "invoiceId": "9c714280-9940-42d1-90bc-401f2f8fffcd",
        "invoiceNumber": "INV-777",
        "status": "SENT",
        "dueDateUtc": "2020-07-08T22:37:15Z",
        "createdDateUtc": "2020-11-08T21:06:28Z",
        "updatedDateUtc": "2020-09-04T09:58:15Z",
        "lineItems": [
          {
            "lineItemId": "e8e3f71f-54a2-43be-96ef-cc03c30900e2",
            "description": "zero administration",
            "quantity": 5,
            "unitCost": 15,
            "lineItemTotalCost": 75
          }
        ]
      }
    },
    {
      "id": 31,
      "type": "INVOICE_CREATED",
      "createdDateUtc": "2020-08-02T14:08:46Z",
      "content": {
        "invoiceId": "65d143a0-7811-40c3-8bed-112666ce2b0a",
        "invoiceNumber": "INV-709",
        "status": "DELETED",
        "dueDateUtc": "2020-05-24T03:21:48Z",
        "createdDateUtc": "2020-12-12T11:04:30Z",
        "updatedDateUtc": "2020-07-01T11:54:34Z",
        "lineItems": [
          {
            "lineItemId": "a2b6712d-331f-4433-bf62-85f082f786c8",
            "description": "radical",
            "quantity": 3,
            "unitCost": 29.86,
            "lineItemTotalCost": 89.58
          },
          {
            "lineItemId": "4ed7dece-fa6f-42d7-b21f-47fc02a1ea68",
            "description": "Grass-roots",
            "quantity": 9,
            "unitCost": 10.1,
            "lineItemTotalCost": 90.9
          }
        ]
      }
    },
    {
      "id": 32,
      "type": "INVOICE_DELETED",
      "createdDateUtc": "2021-01-23T03:50:27Z",
      "content": { "invoiceId": "65d143a0-7811-40c3-8bed-112666ce2b0a" }
    },
    {
      "id": 33,
      "type": "INVOICE_DELETED",
      "createdDateUtc": "2020-07-28T09:28:13Z",
      "content": { "invoiceId": "06629fa1-153b-4307-b039-985d8e2c67a1" }
    },
    {
      "id": 34,
      "type": "INVOICE_UPDATED",
      "createdDateUtc": "2020-11-05T15:09:21Z",
      "content": {
        "invoiceId": "ae8d603e-f52d-4bf6-aafa-210474fb3f2c",
        "invoiceNumber": "INV-869",
        "status": "PAID",
        "dueDateUtc": "2021-02-10T09:04:43Z",
        "createdDateUtc": "2020-11-29T01:03:41Z",
        "updatedDateUtc": "2020-11-07T02:33:31Z",
        "lineItems": [
          {
            "lineItemId": "a5558716-dbea-46b3-bc1d-519f016ab0c1",
            "description": "User-friendly",
            "quantity": 8,
            "unitCost": 76.7,
            "lineItemTotalCost": 613.6
          },
          {
            "lineItemId": "66b87b40-41dd-4d98-96c0-2b23898a4b92",
            "description": "website",
            "quantity": 10,
            "unitCost": 75.05,
            "lineItemTotalCost": 750.5
          }
        ]
      }
    },
    {
      "id": 35,
      "type": "INVOICE_CREATED",
      "createdDateUtc": "2021-01-27T14:06:38Z",
      "content": {
        "invoiceId": "2aa707bb-9fa3-48fa-8dd7-6d15facea5ee",
        "invoiceNumber": "INV-207",
        "status": "DRAFT",
        "dueDateUtc": "2020-07-06T15:43:44Z",
        "createdDateUtc": "2020-09-10T09:26:39Z",
        "updatedDateUtc": "2020-08-03T18:52:40Z",
        "lineItems": [
          {
            "lineItemId": "2bbaa3db-5fa0-40c4-92f6-c50e2c28ea38",
            "description": "Right-sized",
            "quantity": 5,
            "unitCost": 85.91,
            "lineItemTotalCost": 429.55
          }
        ]
      }
    },
    {
      "id": 36,
      "type": "INVOICE_UPDATED",
      "createdDateUtc": "2020-10-15T23:49:34Z",
      "content": {
        "invoiceId": "2aa707bb-9fa3-48fa-8dd7-6d15facea5ee",
        "invoiceNumber": "INV-709",
        "status": "DRAFT",
        "dueDateUtc": "2020-08-01T04:30:06Z",
        "createdDateUtc": "2020-09-10T01:34:51Z",
        "updatedDateUtc": "2020-03-03T04:26:39Z",
        "lineItems": [
          {
            "lineItemId": "7955d8f4-c8b6-45eb-b648-66e1157881dc",
            "description": "Extended",
            "quantity": 4,
            "unitCost": 18.99,
            "lineItemTotalCost": 75.96
          }
        ]
      }
    },
    {
      "id": 37,
      "type": "INVOICE_DELETED",
      "createdDateUtc": "2020-12-04T03:23:39Z",
      "content": { "invoiceId": "65d143a0-7811-40c3-8bed-112666ce2b0a" }
    },
    {
      "id": 38,
      "type": "INVOICE_UPDATED",
      "createdDateUtc": "2020-09-14T15:55:04Z",
      "content": {
        "invoiceId": "c9001bca-448d-479c-b550-7154739fd904",
        "invoiceNumber": "INV-464",
        "status": "DELETED",
        "dueDateUtc": "2020-09-29T01:35:41Z",
        "createdDateUtc": "2020-03-14T14:24:47Z",
        "updatedDateUtc": "2021-01-24T17:06:33Z",
        "lineItems": [
          {
            "lineItemId": "8aa2588b-4fa2-40c3-bcfc-8375026b3c49",
            "description": "5th generation",
            "quantity": 10,
            "unitCost": 20.95,
            "lineItemTotalCost": 209.5
          },
          {
            "lineItemId": "5d15c586-1e0b-430a-a816-d366cfb597f8",
            "description": "systemic",
            "quantity": 6,
            "unitCost": 26.2,
            "lineItemTotalCost": 157.2
          }
        ]
      }
    },
    {
      "id": 39,
      "type": "INVOICE_DELETED",
      "createdDateUtc": "2020-11-29T16:57:00Z",
      "content": { "invoiceId": "06629fa1-153b-4307-b039-985d8e2c67a1" }
    },
    {
      "id": 40,
      "type": "INVOICE_DELETED",
      "createdDateUtc": "2020-06-01T14:04:30Z",
      "content": { "invoiceId": "2aa707bb-9fa3-48fa-8dd7-6d15facea5ee" }
    },
    {
      "id": 41,
      "type": "INVOICE_CREATED",
      "createdDateUtc": "2020-08-07T02:35:04Z",
      "content": {
        "invoiceId": "28ee2fa5-dbd7-4364-ac66-465d592b7983",
        "invoiceNumber": "INV-795",
        "status": "DELETED",
        "dueDateUtc": "2020-10-24T16:29:50Z",
        "createdDateUtc": "2020-04-11T08:27:34Z",
        "updatedDateUtc": "2020-08-04T03:29:40Z",
        "lineItems": [
          {
            "lineItemId": "5a3cf635-22f4-44ae-bf80-4b0dff7e3d2d",
            "description": "frame",
            "quantity": 9,
            "unitCost": 67.09,
            "lineItemTotalCost": 603.81
          }
        ]
      }
    },
    {
      "id": 42,
      "type": "INVOICE_DELETED",
      "createdDateUtc": "2021-01-09T16:02:09Z",
      "content": { "invoiceId": "06629fa1-153b-4307-b039-985d8e2c67a1" }
    },
    {
      "id": 43,
      "type": "INVOICE_CREATED",
      "createdDateUtc": "2020-10-10T06:40:58Z",
      "content": {
        "invoiceId": "ae8d603e-f52d-4bf6-aafa-210474fb3f2c",
        "invoiceNumber": "INV-708",
        "status": "PAID",
        "dueDateUtc": "2020-07-29T13:46:21Z",
        "createdDateUtc": "2021-01-18T14:33:32Z",
        "updatedDateUtc": "2020-08-19T16:54:08Z",
        "lineItems": [
          {
            "lineItemId": "fba5f1f2-e567-448c-8a40-2c5e46091109",
            "description": "high-level",
            "quantity": 2,
            "unitCost": 77.52,
            "lineItemTotalCost": 155.04
          }
        ]
      }
    },
    {
      "id": 44,
      "type": "INVOICE_UPDATED",
      "createdDateUtc": "2021-02-16T12:41:15Z",
      "content": {
        "invoiceId": "c9001bca-448d-479c-b550-7154739fd904",
        "invoiceNumber": "INV-983",
        "status": "DRAFT",
        "dueDateUtc": "2020-04-15T07:51:44Z",
        "createdDateUtc": "2020-05-15T01:42:48Z",
        "updatedDateUtc": "2020-04-09T11:53:28Z",
        "lineItems": [
          {
            "lineItemId": "98dcbfb3-a57a-446a-b462-6788c142eed5",
            "description": "task-force",
            "quantity": 10,
            "unitCost": 3.22,
            "lineItemTotalCost": 32.2
          }
        ]
      }
    },
    {
      "id": 45,
      "type": "INVOICE_CREATED",
      "createdDateUtc": "2020-07-23T21:12:30Z",
      "content": {
        "invoiceId": "2aa707bb-9fa3-48fa-8dd7-6d15facea5ee",
        "invoiceNumber": "INV-839",
        "status": "DELETED",
        "dueDateUtc": "2020-12-31T17:37:12Z",
        "createdDateUtc": "2020-10-17T15:06:26Z",
        "updatedDateUtc": "2020-08-24T18:58:09Z",
        "lineItems": [
          {
            "lineItemId": "7d2d1b84-4b05-4f77-9cbe-4c16836d27f1",
            "description": "Expanded",
            "quantity": 4,
            "unitCost": 81.31,
            "lineItemTotalCost": 325.24
          }
        ]
      }
    },
    {
      "id": 46,
      "type": "INVOICE_CREATED",
      "createdDateUtc": "2020-12-28T23:56:48Z",
      "content": {
        "invoiceId": "53958e4c-8068-4692-ae3b-98552b3ef583",
        "invoiceNumber": "INV-694",
        "status": "PAID",
        "dueDateUtc": "2020-12-27T18:54:16Z",
        "createdDateUtc": "2020-07-04T06:52:16Z",
        "updatedDateUtc": "2020-03-24T03:10:25Z",
        "lineItems": [
          {
            "lineItemId": "d4f80d6b-327a-46d8-ac53-834648f572c1",
            "description": "throughput",
            "quantity": 3,
            "unitCost": 43.87,
            "lineItemTotalCost": 131.61
          }
        ]
      }
    },
    {
      "id": 47,
      "type": "INVOICE_CREATED",
      "createdDateUtc": "2020-12-26T18:35:38Z",
      "content": {
        "invoiceId": "2aa707bb-9fa3-48fa-8dd7-6d15facea5ee",
        "invoiceNumber": "INV-506",
        "status": "DRAFT",
        "dueDateUtc": "2020-04-25T08:43:55Z",
        "createdDateUtc": "2020-12-21T12:47:52Z",
        "updatedDateUtc": "2020-09-29T13:50:32Z",
        "lineItems": [
          {
            "lineItemId": "3e4fdefd-56f2-42ab-a51c-cfbd25ae0e46",
            "description": "Networked",
            "quantity": 4,
            "unitCost": 47.63,
            "lineItemTotalCost": 190.52
          }
        ]
      }
    },
    {
      "id": 48,
      "type": "INVOICE_UPDATED",
      "createdDateUtc": "2020-11-24T18:05:10Z",
      "content": {
        "invoiceId": "8be3bf0c-a60e-4267-9888-2526eaea1ecf",
        "invoiceNumber": "INV-526",
        "status": "DELETED",
        "dueDateUtc": "2020-02-19T09:53:47Z",
        "createdDateUtc": "2020-06-23T17:27:08Z",
        "updatedDateUtc": "2020-05-02T11:02:21Z",
        "lineItems": [
          {
            "lineItemId": "294a60a4-c8bf-4725-beff-b2bf40c3f9a5",
            "description": "forecast",
            "quantity": 5,
            "unitCost": 85.89,
            "lineItemTotalCost": 429.45
          }
        ]
      }
    },
    {
      "id": 49,
      "type": "INVOICE_DELETED",
      "createdDateUtc": "2020-09-10T09:54:25Z",
      "content": { "invoiceId": "53958e4c-8068-4692-ae3b-98552b3ef583" }
    },
    {
      "id": 50,
      "type": "INVOICE_DELETED",
      "createdDateUtc": "2020-12-11T08:48:01Z",
      "content": { "invoiceId": "ae8d603e-f52d-4bf6-aafa-210474fb3f2c" }
    },
    {
      "id": 51,
      "type": "INVOICE_CREATED",
      "createdDateUtc": "2020-08-06T00:45:55Z",
      "content": {
        "invoiceId": "f776fb81-0ee9-4d20-92c2-dd01310744ea",
        "invoiceNumber": "INV-285",
        "status": "PAID",
        "dueDateUtc": "2020-09-15T01:17:32Z",
        "createdDateUtc": "2020-12-10T07:09:51Z",
        "updatedDateUtc": "2020-11-14T06:46:00Z",
        "lineItems": [
          {
            "lineItemId": "a50ff312-96fd-4ee6-a351-a6fb48c24788",
            "description": "Team-oriented",
            "quantity": 9,
            "unitCost": 32.89,
            "lineItemTotalCost": 296.01
          }
        ]
      }
    },
    {
      "id": 52,
      "type": "INVOICE_CREATED",
      "createdDateUtc": "2020-03-18T05:53:59Z",
      "content": {
        "invoiceId": "65d143a0-7811-40c3-8bed-112666ce2b0a",
        "invoiceNumber": "INV-736",
        "status": "PAID",
        "dueDateUtc": "2020-11-24T19:51:47Z",
        "createdDateUtc": "2020-12-20T20:19:47Z",
        "updatedDateUtc": "2020-10-01T00:24:22Z",
        "lineItems": [
          {
            "lineItemId": "02ebf11b-4be9-4b44-a7b4-084c038aebed",
            "description": "policy",
            "quantity": 5,
            "unitCost": 51.12,
            "lineItemTotalCost": 255.6
          }
        ]
      }
    },
    {
      "id": 53,
      "type": "INVOICE_UPDATED",
      "createdDateUtc": "2020-05-16T03:15:52Z",
      "content": {
        "invoiceId": "06629fa1-153b-4307-b039-985d8e2c67a1",
        "invoiceNumber": "INV-480",
        "status": "PAID",
        "dueDateUtc": "2020-03-08T04:14:03Z",
        "createdDateUtc": "2020-07-23T10:03:02Z",
        "updatedDateUtc": "2020-08-18T22:37:13Z",
        "lineItems": [
          {
            "lineItemId": "3990fb34-35b5-4486-851a-8cfe9763f00d",
            "description": "Ergonomic",
            "quantity": 4,
            "unitCost": 44.57,
            "lineItemTotalCost": 178.28
          }
        ]
      }
    },
    {
      "id": 54,
      "type": "INVOICE_DELETED",
      "createdDateUtc": "2020-05-11T22:32:35Z",
      "content": { "invoiceId": "f776fb81-0ee9-4d20-92c2-dd01310744ea" }
    },
    {
      "id": 55,
      "type": "INVOICE_UPDATED",
      "createdDateUtc": "2020-07-18T14:54:17Z",
      "content": {
        "invoiceId": "8be3bf0c-a60e-4267-9888-2526eaea1ecf",
        "invoiceNumber": "INV-330",
        "status": "PAID",
        "dueDateUtc": "2020-11-29T22:53:15Z",
        "createdDateUtc": "2020-03-08T23:55:49Z",
        "updatedDateUtc": "2021-02-04T20:11:33Z",
        "lineItems": [
          {
            "lineItemId": "a393fd1d-baa5-49a9-a579-436238a1d611",
            "description": "Right-sized",
            "quantity": 2,
            "unitCost": 11.87,
            "lineItemTotalCost": 23.74
          }
        ]
      }
    },
    {
      "id": 56,
      "type": "INVOICE_CREATED",
      "createdDateUtc": "2020-07-30T03:19:57Z",
      "content": {
        "invoiceId": "f776fb81-0ee9-4d20-92c2-dd01310744ea",
        "invoiceNumber": "INV-713",
        "status": "DELETED",
        "dueDateUtc": "2021-02-07T00:45:52Z",
        "createdDateUtc": "2020-11-28T00:44:33Z",
        "updatedDateUtc": "2020-09-09T22:09:14Z",
        "lineItems": [
          {
            "lineItemId": "d878f4ab-b338-4dc0-a4b5-2ea9c6c761aa",
            "description": "Diverse",
            "quantity": 10,
            "unitCost": 6.12,
            "lineItemTotalCost": 61.2
          }
        ]
      }
    },
    {
      "id": 57,
      "type": "INVOICE_CREATED",
      "createdDateUtc": "2020-08-23T19:16:12Z",
      "content": {
        "invoiceId": "53958e4c-8068-4692-ae3b-98552b3ef583",
        "invoiceNumber": "INV-599",
        "status": "SENT",
        "dueDateUtc": "2020-08-31T04:07:30Z",
        "createdDateUtc": "2020-11-16T17:58:22Z",
        "updatedDateUtc": "2021-02-13T14:50:55Z",
        "lineItems": [
          {
            "lineItemId": "2506d3fe-5edc-4d06-af2f-563d3edd4970",
            "description": "Innovative",
            "quantity": 6,
            "unitCost": 64.33,
            "lineItemTotalCost": 385.98
          }
        ]
      }
    },
    {
      "id": 58,
      "type": "INVOICE_UPDATED",
      "createdDateUtc": "2020-12-06T14:49:35Z",
      "content": {
        "invoiceId": "65d143a0-7811-40c3-8bed-112666ce2b0a",
        "invoiceNumber": "INV-446",
        "status": "PAID",
        "dueDateUtc": "2020-11-23T09:39:28Z",
        "createdDateUtc": "2020-07-21T05:15:53Z",
        "updatedDateUtc": "2020-05-02T21:18:21Z",
        "lineItems": [
          {
            "lineItemId": "a871bf32-04a2-4362-ab42-94cedff449fe",
            "description": "Team-oriented",
            "quantity": 3,
            "unitCost": 80.31,
            "lineItemTotalCost": 240.93
          },
          {
            "lineItemId": "f355a766-0408-4fde-a3d4-0b7c35a27459",
            "description": "Customer-focused",
            "quantity": 10,
            "unitCost": 93.93,
            "lineItemTotalCost": 939.3
          }
        ]
      }
    },
    {
      "id": 59,
      "type": "INVOICE_DELETED",
      "createdDateUtc": "2020-05-14T22:20:32Z",
      "content": { "invoiceId": "53958e4c-8068-4692-ae3b-98552b3ef583" }
    },
    {
      "id": 60,
      "type": "INVOICE_DELETED",
      "createdDateUtc": "2020-09-06T10:18:30Z",
      "content": { "invoiceId": "9c714280-9940-42d1-90bc-401f2f8fffcd" }
    },
    {
      "id": 61,
      "type": "INVOICE_UPDATED",
      "createdDateUtc": "2020-07-27T01:38:04Z",
      "content": {
        "invoiceId": "f776fb81-0ee9-4d20-92c2-dd01310744ea",
        "invoiceNumber": "INV-209",
        "status": "SENT",
        "dueDateUtc": "2020-05-31T16:54:25Z",
        "createdDateUtc": "2020-05-04T06:55:28Z",
        "updatedDateUtc": "2020-03-19T14:11:39Z",
        "lineItems": [
          {
            "lineItemId": "067072fb-708b-4b7f-b1b5-3047c05552e1",
            "description": "Triple-buffered",
            "quantity": 6,
            "unitCost": 16.68,
            "lineItemTotalCost": 100.08
          }
        ]
      }
    },
    {
      "id": 62,
      "type": "INVOICE_DELETED",
      "createdDateUtc": "2021-02-10T13:18:39Z",
      "content": { "invoiceId": "65d143a0-7811-40c3-8bed-112666ce2b0a" }
    },
    {
      "id": 63,
      "type": "INVOICE_CREATED",
      "createdDateUtc": "2020-07-31T15:41:39Z",
      "content": {
        "invoiceId": "8be3bf0c-a60e-4267-9888-2526eaea1ecf",
        "invoiceNumber": "INV-813",
        "status": "SENT",
        "dueDateUtc": "2020-06-30T22:10:51Z",
        "createdDateUtc": "2020-02-19T20:58:01Z",
        "updatedDateUtc": "2020-03-18T01:34:28Z",
        "lineItems": [
          {
            "lineItemId": "a2aca7d5-bb63-46f0-84e2-f080fb1e5cc7",
            "description": "attitude-oriented",
            "quantity": 6,
            "unitCost": 64.17,
            "lineItemTotalCost": 385.02
          },
          {
            "lineItemId": "bf38be13-0e4e-46a1-9a9f-9cd72769c0fe",
            "description": "definition",
            "quantity": 6,
            "unitCost": 50.43,
            "lineItemTotalCost": 302.58
          }
        ]
      }
    },
    {
      "id": 64,
      "type": "INVOICE_DELETED",
      "createdDateUtc": "2020-04-21T12:13:48Z",
      "content": { "invoiceId": "f776fb81-0ee9-4d20-92c2-dd01310744ea" }
    },
    {
      "id": 65,
      "type": "INVOICE_CREATED",
      "createdDateUtc": "2020-06-01T22:30:52Z",
      "content": {
        "invoiceId": "f776fb81-0ee9-4d20-92c2-dd01310744ea",
        "invoiceNumber": "INV-941",
        "status": "PAID",
        "dueDateUtc": "2020-09-20T01:02:16Z",
        "createdDateUtc": "2020-04-16T09:08:49Z",
        "updatedDateUtc": "2020-07-08T05:44:47Z",
        "lineItems": [
          {
            "lineItemId": "6adb715d-e7f4-4554-ac1c-3131f9c7a845",
            "description": "internet solution",
            "quantity": 3,
            "unitCost": 66.61,
            "lineItemTotalCost": 199.83
          },
          {
            "lineItemId": "2a8e131c-d75b-4671-a0c7-6fc30dc3000b",
            "description": "Switchable",
            "quantity": 7,
            "unitCost": 98.53,
            "lineItemTotalCost": 689.71
          }
        ]
      }
    },
    {
      "id": 66,
      "type": "INVOICE_DELETED",
      "createdDateUtc": "2020-11-14T21:56:14Z",
      "content": { "invoiceId": "2aa707bb-9fa3-48fa-8dd7-6d15facea5ee" }
    },
    {
      "id": 67,
      "type": "INVOICE_DELETED",
      "createdDateUtc": "2020-10-07T06:29:36Z",
      "content": { "invoiceId": "65d143a0-7811-40c3-8bed-112666ce2b0a" }
    },
    {
      "id": 68,
      "type": "INVOICE_CREATED",
      "createdDateUtc": "2020-11-01T11:57:51Z",
      "content": {
        "invoiceId": "9c714280-9940-42d1-90bc-401f2f8fffcd",
        "invoiceNumber": "INV-805",
        "status": "DRAFT",
        "dueDateUtc": "2021-02-11T07:28:26Z",
        "createdDateUtc": "2020-07-01T06:24:14Z",
        "updatedDateUtc": "2020-08-25T20:19:03Z",
        "lineItems": [
          {
            "lineItemId": "a56fa410-52d3-4931-b9f2-159079423e8c",
            "description": "local",
            "quantity": 10,
            "unitCost": 49.28,
            "lineItemTotalCost": 492.8
          }
        ]
      }
    },
    {
      "id": 69,
      "type": "INVOICE_UPDATED",
      "createdDateUtc": "2020-03-16T11:33:39Z",
      "content": {
        "invoiceId": "ae8d603e-f52d-4bf6-aafa-210474fb3f2c",
        "invoiceNumber": "INV-274",
        "status": "DRAFT",
        "dueDateUtc": "2020-06-08T19:48:22Z",
        "createdDateUtc": "2020-03-01T16:29:32Z",
        "updatedDateUtc": "2020-12-22T18:36:27Z",
        "lineItems": [
          {
            "lineItemId": "f52910ac-a728-4449-86f2-552be6df054e",
            "description": "extranet",
            "quantity": 4,
            "unitCost": 6.24,
            "lineItemTotalCost": 24.96
          }
        ]
      }
    },
    {
      "id": 70,
      "type": "INVOICE_UPDATED",
      "createdDateUtc": "2020-05-17T19:44:07Z",
      "content": {
        "invoiceId": "f776fb81-0ee9-4d20-92c2-dd01310744ea",
        "invoiceNumber": "INV-933",
        "status": "DRAFT",
        "dueDateUtc": "2020-06-18T16:50:01Z",
        "createdDateUtc": "2020-07-22T05:14:15Z",
        "updatedDateUtc": "2020-11-06T04:04:02Z",
        "lineItems": [
          {
            "lineItemId": "0fa99b5a-5402-4305-823d-e4102754a1eb",
            "description": "strategy",
            "quantity": 4,
            "unitCost": 58.1,
            "lineItemTotalCost": 232.4
          },
          {
            "lineItemId": "7a01bce5-e75d-4223-9bc1-de5ab4051a88",
            "description": "neural-net",
            "quantity": 6,
            "unitCost": 12.88,
            "lineItemTotalCost": 77.28
          }
        ]
      }
    },
    {
      "id": 71,
      "type": "INVOICE_UPDATED",
      "createdDateUtc": "2020-05-28T03:43:51Z",
      "content": {
        "invoiceId": "ae8d603e-f52d-4bf6-aafa-210474fb3f2c",
        "invoiceNumber": "INV-355",
        "status": "SENT",
        "dueDateUtc": "2020-03-07T13:51:04Z",
        "createdDateUtc": "2020-11-16T00:43:23Z",
        "updatedDateUtc": "2020-12-18T14:29:04Z",
        "lineItems": [
          {
            "lineItemId": "d61501de-58c1-4a7f-a409-8f2ffc019850",
            "description": "Progressive",
            "quantity": 2,
            "unitCost": 41.82,
            "lineItemTotalCost": 83.64
          }
        ]
      }
    },
    {
      "id": 72,
      "type": "INVOICE_DELETED",
      "createdDateUtc": "2021-01-26T19:25:07Z",
      "content": { "invoiceId": "f776fb81-0ee9-4d20-92c2-dd01310744ea" }
    },
    {
      "id": 73,
      "type": "INVOICE_UPDATED",
      "createdDateUtc": "2020-10-04T04:10:23Z",
      "content": {
        "invoiceId": "9c714280-9940-42d1-90bc-401f2f8fffcd",
        "invoiceNumber": "INV-976",
        "status": "PAID",
        "dueDateUtc": "2020-09-29T20:57:59Z",
        "createdDateUtc": "2021-01-11T08:18:06Z",
        "updatedDateUtc": "2020-03-04T13:45:55Z",
        "lineItems": [
          {
            "lineItemId": "badb2b6e-0ead-4e8b-b642-fd4ee7d9dbaa",
            "description": "6th generation",
            "quantity": 9,
            "unitCost": 56.85,
            "lineItemTotalCost": 511.65
          },
          {
            "lineItemId": "ec3f1e41-965a-4f34-8212-447b7a043867",
            "description": "zero tolerance",
            "quantity": 4,
            "unitCost": 11.43,
            "lineItemTotalCost": 45.72
          }
        ]
      }
    },
    {
      "id": 74,
      "type": "INVOICE_UPDATED",
      "createdDateUtc": "2020-12-19T01:07:07Z",
      "content": {
        "invoiceId": "53958e4c-8068-4692-ae3b-98552b3ef583",
        "invoiceNumber": "INV-974",
        "status": "SENT",
        "dueDateUtc": "2020-11-29T18:05:07Z",
        "createdDateUtc": "2020-12-10T08:47:04Z",
        "updatedDateUtc": "2020-09-17T16:46:02Z",
        "lineItems": [
          {
            "lineItemId": "5ecb951f-e91d-462f-8fa3-12ce46d5c248",
            "description": "even-keeled",
            "quantity": 7,
            "unitCost": 43.63,
            "lineItemTotalCost": 305.41
          },
          {
            "lineItemId": "57570f22-21b5-48ee-913f-995ed3f03a85",
            "description": "Profound",
            "quantity": 7,
            "unitCost": 90.1,
            "lineItemTotalCost": 630.7
          }
        ]
      }
    },
    {
      "id": 75,
      "type": "INVOICE_CREATED",
      "createdDateUtc": "2020-11-01T12:27:53Z",
      "content": {
        "invoiceId": "8be3bf0c-a60e-4267-9888-2526eaea1ecf",
        "invoiceNumber": "INV-859",
        "status": "SENT",
        "dueDateUtc": "2020-04-27T22:11:00Z",
        "createdDateUtc": "2020-11-19T05:49:35Z",
        "updatedDateUtc": "2020-10-08T01:27:48Z",
        "lineItems": [
          {
            "lineItemId": "2ad92b38-c988-452b-8a8a-8686270701c1",
            "description": "attitude",
            "quantity": 3,
            "unitCost": 69.39,
            "lineItemTotalCost": 208.17
          },
          {
            "lineItemId": "8773145e-7ec2-4162-8d4f-d1684052ea62",
            "description": "circuit",
            "quantity": 7,
            "unitCost": 79.65,
            "lineItemTotalCost": 557.55
          }
        ]
      }
    },
    {
      "id": 76,
      "type": "INVOICE_UPDATED",
      "createdDateUtc": "2020-07-31T04:07:55Z",
      "content": {
        "invoiceId": "2aa707bb-9fa3-48fa-8dd7-6d15facea5ee",
        "invoiceNumber": "INV-778",
        "status": "DELETED",
        "dueDateUtc": "2020-05-16T13:43:48Z",
        "createdDateUtc": "2020-07-12T14:14:25Z",
        "updatedDateUtc": "2020-06-25T04:10:38Z",
        "lineItems": [
          {
            "lineItemId": "068d501d-22f0-477e-80b3-3cfe398b1dcf",
            "description": "Enterprise-wide",
            "quantity": 5,
            "unitCost": 69.87,
            "lineItemTotalCost": 349.35
          }
        ]
      }
    },
    {
      "id": 77,
      "type": "INVOICE_DELETED",
      "createdDateUtc": "2020-07-02T02:29:31Z",
      "content": { "invoiceId": "ae8d603e-f52d-4bf6-aafa-210474fb3f2c" }
    },
    {
      "id": 78,
      "type": "INVOICE_CREATED",
      "createdDateUtc": "2020-12-20T14:07:38Z",
      "content": {
        "invoiceId": "8be3bf0c-a60e-4267-9888-2526eaea1ecf",
        "invoiceNumber": "INV-895",
        "status": "SENT",
        "dueDateUtc": "2020-09-19T21:43:24Z",
        "createdDateUtc": "2020-09-25T06:10:31Z",
        "updatedDateUtc": "2020-10-02T13:56:26Z",
        "lineItems": [
          {
            "lineItemId": "3553deb3-d797-460c-ad3c-72451223b732",
            "description": "Self-enabling",
            "quantity": 10,
            "unitCost": 76.58,
            "lineItemTotalCost": 765.8
          }
        ]
      }
    },
    {
      "id": 79,
      "type": "INVOICE_CREATED",
      "createdDateUtc": "2020-12-26T07:07:23Z",
      "content": {
        "invoiceId": "9c714280-9940-42d1-90bc-401f2f8fffcd",
        "invoiceNumber": "INV-136",
        "status": "DELETED",
        "dueDateUtc": "2020-09-11T22:43:04Z",
        "createdDateUtc": "2020-09-23T20:30:14Z",
        "updatedDateUtc": "2020-04-16T12:40:37Z",
        "lineItems": [
          {
            "lineItemId": "28bdbceb-e637-44bd-84ab-a75aaff0c3e3",
            "description": "disintermediate",
            "quantity": 2,
            "unitCost": 90.65,
            "lineItemTotalCost": 181.3
          }
        ]
      }
    },
    {
      "id": 80,
      "type": "INVOICE_CREATED",
      "createdDateUtc": "2020-07-28T03:31:07Z",
      "content": {
        "invoiceId": "53958e4c-8068-4692-ae3b-98552b3ef583",
        "invoiceNumber": "INV-172",
        "status": "PAID",
        "dueDateUtc": "2020-06-22T02:23:40Z",
        "createdDateUtc": "2020-06-05T11:13:40Z",
        "updatedDateUtc": "2020-05-01T18:01:08Z",
        "lineItems": [
          {
            "lineItemId": "dedbff61-77c2-42fb-b333-892840156e91",
            "description": "focus group",
            "quantity": 9,
            "unitCost": 85.58,
            "lineItemTotalCost": 770.22
          }
        ]
      }
    },
    {
      "id": 81,
      "type": "INVOICE_CREATED",
      "createdDateUtc": "2020-04-10T23:35:45Z",
      "content": {
        "invoiceId": "ae8d603e-f52d-4bf6-aafa-210474fb3f2c",
        "invoiceNumber": "INV-959",
        "status": "PAID",
        "dueDateUtc": "2020-12-18T09:13:31Z",
        "createdDateUtc": "2020-02-27T01:24:10Z",
        "updatedDateUtc": "2020-04-11T09:13:37Z",
        "lineItems": [
          {
            "lineItemId": "db1ef956-d37f-48cb-a971-d35b1407e121",
            "description": "encompassing",
            "quantity": 6,
            "unitCost": 13.39,
            "lineItemTotalCost": 80.34
          }
        ]
      }
    },
    {
      "id": 82,
      "type": "INVOICE_DELETED",
      "createdDateUtc": "2020-06-13T17:11:32Z",
      "content": { "invoiceId": "65d143a0-7811-40c3-8bed-112666ce2b0a" }
    },
    {
      "id": 83,
      "type": "INVOICE_CREATED",
      "createdDateUtc": "2020-10-04T01:26:00Z",
      "content": {
        "invoiceId": "8be3bf0c-a60e-4267-9888-2526eaea1ecf",
        "invoiceNumber": "INV-874",
        "status": "DRAFT",
        "dueDateUtc": "2021-01-13T16:11:00Z",
        "createdDateUtc": "2020-12-22T22:17:25Z",
        "updatedDateUtc": "2020-08-26T13:28:24Z",
        "lineItems": [
          {
            "lineItemId": "6053373f-7ae9-4d8e-9c62-456ebb066b36",
            "description": "system engine",
            "quantity": 2,
            "unitCost": 7.96,
            "lineItemTotalCost": 15.92
          },
          {
            "lineItemId": "df201950-3fa9-4ffb-b26e-328562433837",
            "description": "model",
            "quantity": 4,
            "unitCost": 63.43,
            "lineItemTotalCost": 253.72
          }
        ]
      }
    },
    {
      "id": 84,
      "type": "INVOICE_CREATED",
      "createdDateUtc": "2021-02-03T11:42:41Z",
      "content": {
        "invoiceId": "9c714280-9940-42d1-90bc-401f2f8fffcd",
        "invoiceNumber": "INV-070",
        "status": "DELETED",
        "dueDateUtc": "2020-02-29T10:26:38Z",
        "createdDateUtc": "2020-05-07T21:48:32Z",
        "updatedDateUtc": "2021-01-14T23:55:44Z",
        "lineItems": [
          {
            "lineItemId": "e4a0e577-2b7b-4cc3-bffe-6652110b5749",
            "description": "Networked",
            "quantity": 10,
            "unitCost": 52.86,
            "lineItemTotalCost": 528.6
          },
          {
            "lineItemId": "c21a13ab-815b-4dc7-b242-ca87bcb0dec9",
            "description": "model",
            "quantity": 10,
            "unitCost": 85.23,
            "lineItemTotalCost": 852.3
          }
        ]
      }
    },
    {
      "id": 85,
      "type": "INVOICE_CREATED",
      "createdDateUtc": "2020-07-19T11:53:47Z",
      "content": {
        "invoiceId": "8be3bf0c-a60e-4267-9888-2526eaea1ecf",
        "invoiceNumber": "INV-824",
        "status": "DRAFT",
        "dueDateUtc": "2020-08-29T23:31:27Z",
        "createdDateUtc": "2020-11-06T01:33:40Z",
        "updatedDateUtc": "2021-02-08T23:22:13Z",
        "lineItems": [
          {
            "lineItemId": "9e611be8-368d-4f22-abf2-f1040cb7d420",
            "description": "composite",
            "quantity": 3,
            "unitCost": 58.37,
            "lineItemTotalCost": 175.11
          },
          {
            "lineItemId": "af2578b8-9820-4264-b14f-1eb525c301ba",
            "description": "Assimilated",
            "quantity": 10,
            "unitCost": 59.34,
            "lineItemTotalCost": 593.4
          }
        ]
      }
    },
    {
      "id": 86,
      "type": "INVOICE_CREATED",
      "createdDateUtc": "2020-07-18T00:03:39Z",
      "content": {
        "invoiceId": "2aa707bb-9fa3-48fa-8dd7-6d15facea5ee",
        "invoiceNumber": "INV-262",
        "status": "PAID",
        "dueDateUtc": "2020-07-09T08:22:59Z",
        "createdDateUtc": "2020-08-19T22:33:54Z",
        "updatedDateUtc": "2020-07-19T16:52:58Z",
        "lineItems": [
          {
            "lineItemId": "14a226b2-a959-491d-91b7-9c6e8156911c",
            "description": "productivity",
            "quantity": 4,
            "unitCost": 48.99,
            "lineItemTotalCost": 195.96
          },
          {
            "lineItemId": "0712f69e-762a-469c-b841-a40bcd9dfcf8",
            "description": "hub",
            "quantity": 10,
            "unitCost": 53.97,
            "lineItemTotalCost": 539.7
          }
        ]
      }
    },
    {
      "id": 87,
      "type": "INVOICE_UPDATED",
      "createdDateUtc": "2020-06-13T23:13:11Z",
      "content": {
        "invoiceId": "9c714280-9940-42d1-90bc-401f2f8fffcd",
        "invoiceNumber": "INV-818",
        "status": "PAID",
        "dueDateUtc": "2020-09-05T19:45:09Z",
        "createdDateUtc": "2020-07-16T12:13:21Z",
        "updatedDateUtc": "2020-03-23T02:20:34Z",
        "lineItems": [
          {
            "lineItemId": "c2fcf255-d217-4d68-8070-0bcb94ba36a9",
            "description": "monitoring",
            "quantity": 6,
            "unitCost": 85.68,
            "lineItemTotalCost": 514.08
          },
          {
            "lineItemId": "f21e35c4-8d7a-40fb-8e98-dea49098e85e",
            "description": "didactic",
            "quantity": 1,
            "unitCost": 32.47,
            "lineItemTotalCost": 32.47
          }
        ]
      }
    },
    {
      "id": 88,
      "type": "INVOICE_CREATED",
      "createdDateUtc": "2020-11-26T00:23:17Z",
      "content": {
        "invoiceId": "9c714280-9940-42d1-90bc-401f2f8fffcd",
        "invoiceNumber": "INV-179",
        "status": "SENT",
        "dueDateUtc": "2020-03-26T15:00:57Z",
        "createdDateUtc": "2020-05-24T19:34:06Z",
        "updatedDateUtc": "2020-10-27T04:08:28Z",
        "lineItems": [
          {
            "lineItemId": "45a96b9d-4ed2-4b95-be3c-4d0e48664eaa",
            "description": "productivity",
            "quantity": 4,
            "unitCost": 12.66,
            "lineItemTotalCost": 50.64
          }
        ]
      }
    },
    {
      "id": 89,
      "type": "INVOICE_DELETED",
      "createdDateUtc": "2020-08-02T16:29:20Z",
      "content": { "invoiceId": "c9001bca-448d-479c-b550-7154739fd904" }
    },
    {
      "id": 90,
      "type": "INVOICE_CREATED",
      "createdDateUtc": "2020-09-29T03:00:51Z",
      "content": {
        "invoiceId": "65d143a0-7811-40c3-8bed-112666ce2b0a",
        "invoiceNumber": "INV-013",
        "status": "DELETED",
        "dueDateUtc": "2020-10-22T21:52:44Z",
        "createdDateUtc": "2020-07-26T21:44:14Z",
        "updatedDateUtc": "2020-07-18T09:32:20Z",
        "lineItems": [
          {
            "lineItemId": "02be4396-d625-4e62-9491-6cb88a3780b6",
            "description": "zero tolerance",
            "quantity": 5,
            "unitCost": 79.38,
            "lineItemTotalCost": 396.9
          }
        ]
      }
    },
    {
      "id": 91,
      "type": "INVOICE_UPDATED",
      "createdDateUtc": "2021-02-10T12:06:10Z",
      "content": {
        "invoiceId": "9c714280-9940-42d1-90bc-401f2f8fffcd",
        "invoiceNumber": "INV-796",
        "status": "SENT",
        "dueDateUtc": "2020-07-27T16:29:08Z",
        "createdDateUtc": "2020-07-23T05:33:13Z",
        "updatedDateUtc": "2020-05-08T09:20:06Z",
        "lineItems": [
          {
            "lineItemId": "b2abbb86-e10f-429b-8d9c-dfae7a9c4de7",
            "description": "Face to face",
            "quantity": 4,
            "unitCost": 14.81,
            "lineItemTotalCost": 59.24
          },
          {
            "lineItemId": "9ceec081-41f4-46cd-8b2f-6fc2311a7270",
            "description": "firmware",
            "quantity": 8,
            "unitCost": 89.71,
            "lineItemTotalCost": 717.68
          }
        ]
      }
    },
    {
      "id": 92,
      "type": "INVOICE_UPDATED",
      "createdDateUtc": "2020-04-13T03:36:28Z",
      "content": {
        "invoiceId": "65d143a0-7811-40c3-8bed-112666ce2b0a",
        "invoiceNumber": "INV-134",
        "status": "DRAFT",
        "dueDateUtc": "2020-05-20T10:26:02Z",
        "createdDateUtc": "2020-02-25T17:37:08Z",
        "updatedDateUtc": "2020-09-23T19:36:26Z",
        "lineItems": [
          {
            "lineItemId": "6bf6a829-55b4-4bf8-a6d6-6d196f89c765",
            "description": "zero tolerance",
            "quantity": 1,
            "unitCost": 29.66,
            "lineItemTotalCost": 29.66
          },
          {
            "lineItemId": "0e374e4c-831d-4efe-b81b-94b60c6c9fde",
            "description": "Centralized",
            "quantity": 1,
            "unitCost": 44.57,
            "lineItemTotalCost": 44.57
          }
        ]
      }
    },
    {
      "id": 93,
      "type": "INVOICE_UPDATED",
      "createdDateUtc": "2021-01-03T13:52:03Z",
      "content": {
        "invoiceId": "8be3bf0c-a60e-4267-9888-2526eaea1ecf",
        "invoiceNumber": "INV-765",
        "status": "DELETED",
        "dueDateUtc": "2020-07-19T23:56:29Z",
        "createdDateUtc": "2020-09-06T08:34:01Z",
        "updatedDateUtc": "2020-04-14T09:58:22Z",
        "lineItems": [
          {
            "lineItemId": "86e0ebe6-e784-40b0-84d2-54defd7a533c",
            "description": "zero tolerance",
            "quantity": 2,
            "unitCost": 22.37,
            "lineItemTotalCost": 44.74
          }
        ]
      }
    },
    {
      "id": 94,
      "type": "INVOICE_CREATED",
      "createdDateUtc": "2020-04-02T09:23:13Z",
      "content": {
        "invoiceId": "2aa707bb-9fa3-48fa-8dd7-6d15facea5ee",
        "invoiceNumber": "INV-184",
        "status": "SENT",
        "dueDateUtc": "2021-01-20T09:22:12Z",
        "createdDateUtc": "2020-04-09T22:05:15Z",
        "updatedDateUtc": "2020-07-18T07:05:48Z",
        "lineItems": [
          {
            "lineItemId": "68124e43-7d6e-40c9-98c6-d0bc9cd8cc7f",
            "description": "Reactive",
            "quantity": 7,
            "unitCost": 40.25,
            "lineItemTotalCost": 281.75
          }
        ]
      }
    },
    {
      "id": 95,
      "type": "INVOICE_UPDATED",
      "createdDateUtc": "2020-06-18T01:20:07Z",
      "content": {
        "invoiceId": "9c714280-9940-42d1-90bc-401f2f8fffcd",
        "invoiceNumber": "INV-054",
        "status": "DELETED",
        "dueDateUtc": "2021-01-24T12:56:42Z",
        "createdDateUtc": "2020-06-07T19:38:13Z",
        "updatedDateUtc": "2020-12-29T20:37:50Z",
        "lineItems": [
          {
            "lineItemId": "e97afa52-4e7b-4d74-95b4-3141e0261cb3",
            "description": "customer loyalty",
            "quantity": 3,
            "unitCost": 41.52,
            "lineItemTotalCost": 124.56
          },
          {
            "lineItemId": "9b71a534-e12b-43c9-b97f-3666164b8f1d",
            "description": "service-desk",
            "quantity": 7,
            "unitCost": 82.39,
            "lineItemTotalCost": 576.73
          }
        ]
      }
    },
    {
      "id": 96,
      "type": "INVOICE_UPDATED",
      "createdDateUtc": "2020-04-17T10:43:54Z",
      "content": {
        "invoiceId": "ae8d603e-f52d-4bf6-aafa-210474fb3f2c",
        "invoiceNumber": "INV-801",
        "status": "PAID",
        "dueDateUtc": "2020-12-17T21:09:52Z",
        "createdDateUtc": "2020-06-08T13:34:28Z",
        "updatedDateUtc": "2020-04-10T06:55:09Z",
        "lineItems": [
          {
            "lineItemId": "3deb97a1-4083-46c0-8be1-5010c50c1979",
            "description": "leading edge",
            "quantity": 3,
            "unitCost": 68.08,
            "lineItemTotalCost": 204.24
          }
        ]
      }
    },
    {
      "id": 97,
      "type": "INVOICE_CREATED",
      "createdDateUtc": "2020-12-13T22:59:26Z",
      "content": {
        "invoiceId": "65d143a0-7811-40c3-8bed-112666ce2b0a",
        "invoiceNumber": "INV-321",
        "status": "DRAFT",
        "dueDateUtc": "2020-04-30T14:40:44Z",
        "createdDateUtc": "2020-10-15T00:54:02Z",
        "updatedDateUtc": "2020-07-05T04:29:22Z",
        "lineItems": [
          {
            "lineItemId": "a4ab4417-01d4-49e6-a229-cff75b2ee31e",
            "description": "Visionary",
            "quantity": 9,
            "unitCost": 28.56,
            "lineItemTotalCost": 257.04
          }
        ]
      }
    },
    {
      "id": 98,
      "type": "INVOICE_UPDATED",
      "createdDateUtc": "2020-07-11T21:18:51Z",
      "content": {
        "invoiceId": "2aa707bb-9fa3-48fa-8dd7-6d15facea5ee",
        "invoiceNumber": "INV-628",
        "status": "SENT",
        "dueDateUtc": "2020-08-30T15:47:53Z",
        "createdDateUtc": "2020-11-07T11:04:42Z",
        "updatedDateUtc": "2020-10-13T09:39:48Z",
        "lineItems": [
          {
            "lineItemId": "87d64327-6ac1-4b98-bc65-c37bd80482fe",
            "description": "Multi-layered",
            "quantity": 6,
            "unitCost": 18.91,
            "lineItemTotalCost": 113.46
          }
        ]
      }
    },
    {
      "id": 99,
      "type": "INVOICE_CREATED",
      "createdDateUtc": "2020-05-31T17:00:58Z",
      "content": {
        "invoiceId": "53958e4c-8068-4692-ae3b-98552b3ef583",
        "invoiceNumber": "INV-476",
        "status": "DRAFT",
        "dueDateUtc": "2020-11-05T11:27:02Z",
        "createdDateUtc": "2020-09-04T15:06:57Z",
        "updatedDateUtc": "2020-11-01T10:32:09Z",
        "lineItems": [
          {
            "lineItemId": "90ca008a-55fe-47f6-afe0-233b36eff0de",
            "description": "Configurable",
            "quantity": 3,
            "unitCost": 23.43,
            "lineItemTotalCost": 70.29
          },
          {
            "lineItemId": "2cee1ba7-d634-4bac-877c-4a64b6c704ba",
            "description": "dynamic",
            "quantity": 5,
            "unitCost": 74.79,
            "lineItemTotalCost": 373.95
          }
        ]
      }
    },
    {
      "id": 100,
      "type": "INVOICE_CREATED",
      "createdDateUtc": "2020-10-14T10:27:18Z",
      "content": {
        "invoiceId": "8be3bf0c-a60e-4267-9888-2526eaea1ecf",
        "invoiceNumber": "INV-220",
        "status": "DELETED",
        "dueDateUtc": "2020-04-02T06:44:51Z",
        "createdDateUtc": "2020-05-31T02:57:56Z",
        "updatedDateUtc": "2020-10-12T05:44:40Z",
        "lineItems": [
          {
            "lineItemId": "bbe1bee6-747e-45c8-8a51-5ef053bf4c73",
            "description": "multi-tasking",
            "quantity": 2,
            "unitCost": 15.02,
            "lineItemTotalCost": 30.04
          },
          {
            "lineItemId": "5de0433f-ea25-41a7-808f-6a0a87ff3e2e",
            "description": "fresh-thinking",
            "quantity": 1,
            "unitCost": 50.27,
            "lineItemTotalCost": 50.27
          }
        ]
      }
    }
  ]
}