{
  "items": [
    {
      "id": 1,
      "type": "INVOICE_UPDATED",
      "createdDateUtc": "2020-03-07T10:51:00Z",
      "content": {
        "invoiceId": "8be3bf0c-a60e-4267-9888-2526eaea1ecf",
        "invoiceNumber": "INV-996",
        "status": "PAID",
        "dueDateUtc": "2020-09-23T07:51:27.000Z",
        "createdDateUtc": "2020-08-12T11:47:45.000Z",
        "updatedDateUtc": "2021-02-04T02:00:33.000Z",
        "lineItems": [
          {
            "lineItemId": "ab80609b-5703-44a0-89af-4b23d234d8bc",
            "description": "executive",
            "quantity": 8,
            "unitCost": 63.49,
            "lineItemTotalCost": 507.92
          },
          {
            "lineItemId": "f1851272-c8b9-45b2-909f-5389f21c5fb4",
            "description": "Graphic Interface",
            "quantity": 8,
            "unitCost": 91.32,
            "lineItemTotalCost": 730.56
          }
        ]
      }
    },
    {
      "id": 2,
      "type": "INVOICE_CREATED",
      "createdDateUtc": "2020-06-08T11:15:24Z",
      "content": {
        "invoiceId": "2aa707bb-9fa3-48fa-8dd7-6d15facea5ee",
        "invoiceNumber": "INV-073",
        "status": "DRAFT",
        "dueDateUtc": "2020-06-27T06:04:07Z",
        "createdDateUtc": "2020-05-18T23:29:24Z",
        "updatedDateUtc": "2020-12-03T07:49:45Z",
        "lineItems": [
          {
            "lineItemId": "2045eaf7-1cfe-4b0f-a64b-7734f38abdd2",
            "description": "neutral",
            "quantity": 6,
            "unitCost": 41.7,
            "lineItemTotalCost": 250.2
          }
        ]
      }
    },
    {
      "id": 3,
      "type": "INVOICE_UPDATED",
      "createdDateUtc": "2020-11-13T04:14:00Z",
      "content": {
        "invoiceId": "2aa707bb-9fa3-48fa-8dd7-6d15facea5ee",
        "invoiceNumber": "INV-969",
        "status": "PAID",
        "dueDateUtc": "2020-06-20T21:50:51Z",
        "createdDateUtc": "2020-11-16T15:57:28Z",
        "updatedDateUtc": "2020-06-15T04:27:44Z",
        "lineItems": [
          {
            "lineItemId": "989b07f1-f932-4c57-a3f9-b1a1d477b8de",
            "description": "Devolved",
            "quantity": 8,
            "unitCost": 22.81,
            "lineItemTotalCost": 182.48
          }
        ]
      }
    },
    {
      "id": 4,
      "type": "INVOICE_DELETED",
      "createdDateUtc": "2020-12-30T14:16:18Z",
      "content": { "invoiceId": "8be3bf0c-a60e-4267-9888-2526eaea1ecf" }
    },
    {
      "id": 5,
      "type": "INVOICE_CREATED",
      "createdDateUtc": "2020-07-10T07:47:01Z",
      "content": {
        "invoiceId": "f776fb81-0ee9-4d20-92c2-dd01310744ea",
        "invoiceNumber": "INV-546",
        "status": "PAID",
        "dueDateUtc": "2020-04-11T07:39:33Z",
        "createdDateUtc": "2020-06-25T03:01:55Z",
        "updatedDateUtc": "2020-05-27T14:46:22Z",
        "lineItems": [
          {
            "lineItemId": "9ace8647-c5c8-41e1-8ec0-cfdcfb293c35",
            "description": "multimedia",
            "quantity": 5,
            "unitCost": 5.02,
            "lineItemTotalCost": 25.1
          },
          {
            "lineItemId": "6fb49510-8e94-4069-b2fd-a5e8c648afc7",
            "description": "5th generation",
            "quantity": 4,
            "unitCost": 32.81,
            "lineItemTotalCost": 131.24
          }
        ]
      }
    },
    {
      "id": 6,
      "type": "INVOICE_CREATED",
      "createdDateUtc": "2020-05-28T23:49:43Z",
      "content": {
        "invoiceId": "9c714280-9940-42d1-90bc-401f2f8fffcd",
        "invoiceNumber": "INV-544",
        "status": "PAID",
        "dueDateUtc": "2020-07-27T15:52:33Z",
        "createdDateUtc": "2021-01-05T16:08:18Z",
        "updatedDateUtc": "2021-01-17T16:22:18Z",
        "lineItems": [
          {
            "lineItemId": "5ca52ae7-e498-4ebc-9427-fcdd14bdf367",
            "description": "Business-focused",
            "quantity": 10,
            "unitCost": 48.02,
            "lineItemTotalCost": 480.2
          },
          {
            "lineItemId": "7ba5add1-29ed-456a-a3b3-0ec056ea8b98",
            "description": "fresh-thinking",
            "quantity": 10,
            "unitCost": 69.61,
            "lineItemTotalCost": 696.1
          }
        ]
      }
    },
    {
      "id": 7,
      "type": "INVOICE_DELETED",
      "createdDateUtc": "2020-10-08T15:06:58Z",
      "content": { "invoiceId": "06629fa1-153b-4307-b039-985d8e2c67a1" }
    },
    {
      "id": 8,
      "type": "INVOICE_CREATED",
      "createdDateUtc": "2020-12-04T19:35:51Z",
      "content": {
        "invoiceId": "9c714280-9940-42d1-90bc-401f2f8fffcd",
        "invoiceNumber": "INV-166",
        "status": "DELETED",
        "dueDateUtc": "2020-04-13T19:04:25Z",
        "createdDateUtc": "2020-08-28T05:56:25Z",
        "updatedDateUtc": "2020-11-25T10:11:35Z",
        "lineItems": [
          {
            "lineItemId": "c5209cf7-e2d6-4ae2-bde6-29779eb1aee9",
            "description": "Versatile",
            "quantity": 10,
            "unitCost": 23.08,
            "lineItemTotalCost": 230.8
          }
        ]
      }
    },
    {
      "id": 9,
      "type": "INVOICE_UPDATED",
      "createdDateUtc": "2020-07-19T15:08:19Z",
      "content": {
        "invoiceId": "65d143a0-7811-40c3-8bed-112666ce2b0a",
        "invoiceNumber": "INV-404",
        "status": "DRAFT",
        "dueDateUtc": "2021-02-11T02:09:25Z",
        "createdDateUtc": "2020-05-28T15:23:17Z",
        "updatedDateUtc": "2021-02-08T08:19:14Z",
        "lineItems": [
          {
            "lineItemId": "9bba9213-371b-4376-84a1-06a86e39c0f0",
            "description": "Stand-alone",
            "quantity": 1,
            "unitCost": 77.16,
            "lineItemTotalCost": 77.16
          }
        ]
      }
    },
    {
      "id": 10,
      "type": "INVOICE_DELETED",
      "createdDateUtc": "2020-11-14T08:05:43Z",
      "content": { "invoiceId": "2aa707bb-9fa3-48fa-8dd7-6d15facea5ee" }
    }
  ]
}